{
  "hash": "8cb166d9",
  "configHash": "2eba9a89",
  "lockfileHash": "e22e4ed2",
  "browserHash": "38ac9055",
  "optimized": {
    "@angular/common": {
      "src": "../../../../../../node_modules/@angular/common/fesm2022/common.mjs",
      "file": "@angular_common.js",
      "fileHash": "2a05fcee",
      "needsInterop": false
    },
    "@angular/common/http": {
      "src": "../../../../../../node_modules/@angular/common/fesm2022/http.mjs",
      "file": "@angular_common_http.js",
      "fileHash": "e72ce234",
      "needsInterop": false
    },
    "@angular/core": {
      "src": "../../../../../../node_modules/@angular/core/fesm2022/core.mjs",
      "file": "@angular_core.js",
      "fileHash": "2ad335e8",
      "needsInterop": false
    },
    "@angular/forms": {
      "src": "../../../../../../node_modules/@angular/forms/fesm2022/forms.mjs",
      "file": "@angular_forms.js",
      "fileHash": "2724c464",
      "needsInterop": false
    },
    "@angular/platform-browser": {
      "src": "../../../../../../node_modules/@angular/platform-browser/fesm2022/platform-browser.mjs",
      "file": "@angular_platform-browser.js",
      "fileHash": "bf90f618",
      "needsInterop": false
    },
    "@angular/router": {
      "src": "../../../../../../node_modules/@angular/router/fesm2022/router.mjs",
      "file": "@angular_router.js",
      "fileHash": "a35e627c",
      "needsInterop": false
    },
    "rxjs": {
      "src": "../../../../../../node_modules/rxjs/dist/esm5/index.js",
      "file": "rxjs.js",
      "fileHash": "1b55885e",
      "needsInterop": false
    },
    "rxjs/operators": {
      "src": "../../../../../../node_modules/rxjs/dist/esm5/operators/index.js",
      "file": "rxjs_operators.js",
      "fileHash": "8102c235",
      "needsInterop": false
    },
    "sweetalert2": {
      "src": "../../../../../../node_modules/sweetalert2/dist/sweetalert2.esm.all.js",
      "file": "sweetalert2.js",
      "fileHash": "f6f62d85",
      "needsInterop": false
    }
  },
  "chunks": {
    "chunk-5WDPWC6H": {
      "file": "chunk-5WDPWC6H.js"
    },
    "chunk-LYBYRNMB": {
      "file": "chunk-LYBYRNMB.js"
    },
    "chunk-MIJT6FLR": {
      "file": "chunk-MIJT6FLR.js"
    },
    "chunk-O4XABTPG": {
      "file": "chunk-O4XABTPG.js"
    },
    "chunk-4N4GOYJH": {
      "file": "chunk-4N4GOYJH.js"
    },
    "chunk-5OPE3T2R": {
      "file": "chunk-5OPE3T2R.js"
    },
    "chunk-FHTVLBLO": {
      "file": "chunk-FHTVLBLO.js"
    },
    "chunk-WDMUDEB6": {
      "file": "chunk-WDMUDEB6.js"
    }
  }
}